order_id,order_status,order_purchase_timestamp,order_approved_at,order_delivered_customer_date,order_estimated_delivery_date,price,freight_value,product_weight_g,seller_id,customer_state
ORD001,delivered,2026-01-01,2026-01-01,2026-01-05,2026-01-06,500,50,1200,S001,SP
ORD002,delivered,2026-01-02,2026-01-02,2026-01-08,2026-01-07,250,35,900,S002,RJ
ORD003,delivered,2026-01-03,2026-01-03,2026-01-07,2026-01-09,800,70,1500,S001,MG
ORD004,delivered,2026-01-04,2026-01-04,2026-01-10,2026-01-09,300,45,800,S003,PR
ORD005,delivered,2026-01-05,2026-01-05,2026-01-09,2026-01-11,650,55,1100,S002,SP
ORD006,delivered,2026-01-06,2026-01-06,2026-01-15,2026-01-13,450,60,1800,S004,BA
ORD007,delivered,2026-01-07,2026-01-07,2026-01-11,2026-01-12,900,65,700,S001,RJ
ORD008,delivered,2026-01-08,2026-01-08,2026-01-13,2026-01-14,350,40,950,S003,SP
ORD009,delivered,2026-01-09,2026-01-09,2026-01-16,2026-01-15,720,80,2100,S004,MG
ORD010,delivered,2026-01-10,2026-01-10,2026-01-14,2026-01-16,275,30,650,S002,PR
ORD011,delivered,2026-01-11,2026-01-11,2026-01-18,2026-01-17,560,48,1300,S005,SP
ORD012,delivered,2026-01-12,2026-01-12,2026-01-17,2026-01-19,430,42,1000,S003,RJ
ORD013,delivered,2026-01-13,2026-01-13,2026-01-20,2026-01-19,780,75,1600,S004,MG
ORD014,delivered,2026-01-14,2026-01-14,2026-01-19,2026-01-21,325,38,750,S005,SP
ORD015,delivered,2026-01-15,2026-01-15,2026-01-24,2026-01-23,610,58,1450,S001,PR
ORD016,delivered,2026-01-16,2026-01-16,2026-01-21,2026-01-23,470,44,1050,S002,BA
ORD017,delivered,2026-01-17,2026-01-17,2026-01-26,2026-01-25,850,72,1900,S004,RJ
ORD018,delivered,2026-01-18,2026-01-18,2026-01-23,2026-01-25,390,36,850,S003,SP
ORD019,delivered,2026-01-19,2026-01-19,2026-01-27,2026-01-26,530,52,1250,S005,MG
ORD020,delivered,2026-01-20,2026-01-20,2026-01-25,2026-01-27,680,62,1400,S001,RJ
